{
   "actions" : {
      "count" : 2,
      "data" : [
         {
            "class_id" : "Post",
            "host_url" : "<url>",
            "name" : "Philz",
            "object_id" : "02345",
            "owner_vsID" : "8002091112839110181430080391424573948"
         },
         {
            "class_id" : "Post",
            "host_url" : "<url>",
            "name" : "Tinyboba",
            "object_id" : "02345",
            "owner_vsID" : "8002091112839110181430080391424573948"
         }
      ]
   },
   "comments" : {
      "count" : 1,
      "data" : [
         {
            "created_time" : "0-00-00T00:00:00+0000",
            "from" : {
               "avatar_name" : "Tinyboba",
               "vsID" : "8002091112839110181430080391424573948"
            },
            "id" : "8002091112839110181430080391424573948_1234567_789067",
            "message" : "<content>",
            "reactions" : {
               "count" : 1,
               "data" : [
                  {
                     "avatar_name" : "Tinyboba",
                     "created_time" : "0-00-00T00:00:00+0000",
                     "type" : "<type>",
                     "vsID" : "8002091112839110181430080391424573948"
                  }
               ]
            }
         }
      ]
   },
   "created_time" : "0-00-00T00:00:00+0000",
   "from" : {
      "avatar_name" : "Tinyboba",
      "vsID" : "8002091112839110181430080391424573948"
   },
   "history" : {
      "count" : 5,
      "data" : [
         {
            "avatar_name" : "ScottyMcCotty",
            "created_time" : "2020-06-14T15:15:32+0000",
            "location" : {
               "latitude" : 38.560403999999998,
               "longitude" : -121.778998
            },
            "network" : {
               "IPv4" : "73.235.23.138"
            },
            "vsID" : "12947506893332894291445469727644598175"
         },
         {
            "avatar_name" : "Snow",
            "created_time" : "2020-06-14T22:30:28+0000",
            "network" : {
               "IPv4" : "76.20.52.52"
            },
            "vsID" : "3526137291839382681410088238294178478"
         },
         {
            "avatar_name" : "jiaweizheng",
            "created_time" : "2020-06-14T22:48:13+0000",
            "network" : {
               "IPv4" : "73.192.225.103"
            },
            "vsID" : "19383337311205388694929595951481356343"
         },
         {
            "avatar_name" : "tony_stark",
            "created_time" : "2020-06-14T22:50:30+0000",
            "location" : {
               "latitude" : 154,
               "longitude" : 87
            },
            "network" : {
               "IPv4" : "10.1.10.136"
            },
            "vsID" : "924811371419165400115693785366832578"
         },
         {
            "avatar_name" : "Coffeebean",
            "created_time" : "2020-06-15T02:43:36+1960",
            "network" : {
               "IPv4" : "128.120.211.75"
            },
            "vsID" : "11749012421083359957129819608984121291"
         }
      ]
   },
   "id" : "8002091112839110181430080391424573948_1234567",
   "is_published" : true,
   "keys" : {
      "count" : 3,
      "data" : [ "sightglass", "bluebottle", "tartine" ]
   },
   "links" : {
      "count" : 1,
      "data" : [
         {
            "class_id" : "ecs36b",
            "object_id" : "02345",
            "url" : "http://cyrus.cs.ucdavis.edu/sfelixwu/ecs36b/s2020/"
         }
      ]
   },
   "message" : "Coffee is great",
   "reactions" : {
      "count" : 1,
      "data" : [
         {
            "avatar_name" : "Tinyboba",
            "created_time" : "0-00-00T00:00:00+0000",
            "type" : "<type>",
            "vsID" : "8002091112839110181430080391424573948"
         }
      ]
   },
   "to" : {
      "count" : 1,
      "data" : [
         {
            "avatar_name" : "Oracle",
            "vsID" : "112638136365359060811666331781839957994"
         }
      ]
   },
   "updated_time" : "0-00-00T00:00:00+0000"
}
